name,price,image,category,description,rating,reviews,inStock,stockQuantity
Essence Mascara Lash Princess,9.99,https://cdn.dummyjson.com/product-images/beauty/essence-mascara-lash-princess/1.webp,beauty,The Essence Mascara Lash Princess is a popular mascara known for its volumizing and lengthening effects. Achieve dramatic lashes with this long-lasting and cruelty-free formula.,2.56,"[""Would not recommend!"", ""Very satisfied!"", ""Highly impressed!""]",True,99
Eyeshadow Palette with Mirror,19.99,https://cdn.dummyjson.com/product-images/beauty/eyeshadow-palette-with-mirror/1.webp,beauty,"The Eyeshadow Palette with Mirror offers a versatile range of eyeshadow shades for creating stunning eye looks. With a built-in mirror, it's convenient for on-the-go makeup application.",2.86,"[""Great product!"", ""Awesome product!"", ""Poor quality!""]",True,34
Powder Canister,14.99,https://cdn.dummyjson.com/product-images/beauty/powder-canister/1.webp,beauty,"The Powder Canister is a finely milled setting powder designed to set makeup and control shine. With a lightweight and translucent formula, it provides a smooth and matte finish.",4.64,"[""Would buy again!"", ""Highly impressed!"", ""Very dissatisfied!""]",True,89
Red Lipstick,12.99,https://cdn.dummyjson.com/product-images/beauty/red-lipstick/1.webp,beauty,"The Red Lipstick is a classic and bold choice for adding a pop of color to your lips. With a creamy and pigmented formula, it provides a vibrant and long-lasting finish.",4.36,"[""Great product!"", ""Great product!"", ""Would buy again!""]",True,91
Red Nail Polish,8.99,https://cdn.dummyjson.com/product-images/beauty/red-nail-polish/1.webp,beauty,"The Red Nail Polish offers a rich and glossy red hue for vibrant and polished nails. With a quick-drying formula, it provides a salon-quality finish at home.",4.32,"[""Poor quality!"", ""Great product!"", ""Very unhappy with my purchase!""]",True,79
Calvin Klein CK One,49.99,https://cdn.dummyjson.com/product-images/fragrances/calvin-klein-ck-one/1.webp,fragrances,"CK One by Calvin Klein is a classic unisex fragrance, known for its fresh and clean scent. It's a versatile fragrance suitable for everyday wear.",4.37,"[""Very disappointed!"", ""Fast shipping!"", ""Not as described!""]",True,29
Chanel Coco Noir Eau De,129.99,https://cdn.dummyjson.com/product-images/fragrances/chanel-coco-noir-eau-de/1.webp,fragrances,"Coco Noir by Chanel is an elegant and mysterious fragrance, featuring notes of grapefruit, rose, and sandalwood. Perfect for evening occasions.",4.26,"[""Highly impressed!"", ""Awesome product!"", ""Very happy with my purchase!""]",True,58
Dior J'adore,89.99,https://cdn.dummyjson.com/product-images/fragrances/dior-j'adore/1.webp,fragrances,"J'adore by Dior is a luxurious and floral fragrance, known for its blend of ylang-ylang, rose, and jasmine. It embodies femininity and sophistication.",3.8,"[""Great value for money!"", ""Great value for money!"", ""Great product!""]",True,98
Dolce Shine Eau de,69.99,https://cdn.dummyjson.com/product-images/fragrances/dolce-shine-eau-de/1.webp,fragrances,"Dolce Shine by Dolce & Gabbana is a vibrant and fruity fragrance, featuring notes of mango, jasmine, and blonde woods. It's a joyful and youthful scent.",3.96,"[""Would buy again!"", ""Highly recommended!"", ""Very happy with my purchase!""]",True,4
Gucci Bloom Eau de,79.99,https://cdn.dummyjson.com/product-images/fragrances/gucci-bloom-eau-de/1.webp,fragrances,"Gucci Bloom by Gucci is a floral and captivating fragrance, with notes of tuberose, jasmine, and Rangoon creeper. It's a modern and romantic scent.",2.74,"[""Very dissatisfied!"", ""Very happy with my purchase!"", ""Highly impressed!""]",True,91
Annibale Colombo Bed,1899.99,https://cdn.dummyjson.com/product-images/furniture/annibale-colombo-bed/1.webp,furniture,"The Annibale Colombo Bed is a luxurious and elegant bed frame, crafted with high-quality materials for a comfortable and stylish bedroom.",4.77,"[""Would not recommend!"", ""Highly impressed!"", ""Poor quality!""]",True,88
Annibale Colombo Sofa,2499.99,https://cdn.dummyjson.com/product-images/furniture/annibale-colombo-sofa/1.webp,furniture,"The Annibale Colombo Sofa is a sophisticated and comfortable seating option, featuring exquisite design and premium upholstery for your living room.",3.92,"[""Very unhappy with my purchase!"", ""Fast shipping!"", ""Poor quality!""]",True,60
Bedside Table African Cherry,299.99,https://cdn.dummyjson.com/product-images/furniture/bedside-table-african-cherry/1.webp,furniture,"The Bedside Table in African Cherry is a stylish and functional addition to your bedroom, providing convenient storage space and a touch of elegance.",2.87,"[""Excellent quality!"", ""Excellent quality!"", ""Highly recommended!""]",True,64
Knoll Saarinen Executive Conference Chair,499.99,https://cdn.dummyjson.com/product-images/furniture/knoll-saarinen-executive-conference-chair/1.webp,furniture,"The Knoll Saarinen Executive Conference Chair is a modern and ergonomic chair, perfect for your office or conference room with its timeless design.",4.88,"[""Waste of money!"", ""Very dissatisfied!"", ""Would buy again!""]",True,26
Wooden Bathroom Sink With Mirror,799.99,https://cdn.dummyjson.com/product-images/furniture/wooden-bathroom-sink-with-mirror/1.webp,furniture,"The Wooden Bathroom Sink with Mirror is a unique and stylish addition to your bathroom, featuring a wooden sink countertop and a matching mirror.",3.59,"[""Fast shipping!"", ""Very pleased!"", ""Poor quality!""]",True,7
Apple,1.99,https://cdn.dummyjson.com/product-images/groceries/apple/1.webp,groceries,"Fresh and crisp apples, perfect for snacking or incorporating into various recipes.",4.19,"[""Very satisfied!"", ""Very dissatisfied!"", ""Very unhappy with my purchase!""]",True,8
Beef Steak,12.99,https://cdn.dummyjson.com/product-images/groceries/beef-steak/1.webp,groceries,"High-quality beef steak, great for grilling or cooking to your preferred level of doneness.",4.47,"[""Would not recommend!"", ""Fast shipping!"", ""Great value for money!""]",True,86
Cat Food,8.99,https://cdn.dummyjson.com/product-images/groceries/cat-food/1.webp,groceries,Nutritious cat food formulated to meet the dietary needs of your feline friend.,3.13,"[""Would not recommend!"", ""Very unhappy with my purchase!"", ""Very disappointed!""]",True,46
Chicken Meat,9.99,https://cdn.dummyjson.com/product-images/groceries/chicken-meat/1.webp,groceries,"Fresh and tender chicken meat, suitable for various culinary preparations.",3.19,"[""Great product!"", ""Highly recommended!"", ""Not worth the price!""]",True,97
Cooking Oil,4.99,https://cdn.dummyjson.com/product-images/groceries/cooking-oil/1.webp,groceries,"Versatile cooking oil suitable for frying, sautéing, and various culinary applications.",4.8,"[""Very happy with my purchase!"", ""Would not recommend!"", ""Would buy again!""]",True,10
Cucumber,1.49,https://cdn.dummyjson.com/product-images/groceries/cucumber/1.webp,groceries,"Crisp and hydrating cucumbers, ideal for salads, snacks, or as a refreshing side.",4.07,"[""Great product!"", ""Great value for money!"", ""Poor quality!""]",True,84
Dog Food,10.99,https://cdn.dummyjson.com/product-images/groceries/dog-food/1.webp,groceries,Specially formulated dog food designed to provide essential nutrients for your canine companion.,4.55,"[""Excellent quality!"", ""Awesome product!"", ""Great product!""]",True,71
Eggs,2.99,https://cdn.dummyjson.com/product-images/groceries/eggs/1.webp,groceries,"Fresh eggs, a versatile ingredient for baking, cooking, or breakfast.",2.53,"[""Disappointing product!"", ""Poor quality!"", ""Very pleased!""]",True,9
Fish Steak,14.99,https://cdn.dummyjson.com/product-images/groceries/fish-steak/1.webp,groceries,"Quality fish steak, suitable for grilling, baking, or pan-searing.",3.78,"[""Would not buy again!"", ""Excellent quality!"", ""Great value for money!""]",True,74
Green Bell Pepper,1.29,https://cdn.dummyjson.com/product-images/groceries/green-bell-pepper/1.webp,groceries,"Fresh and vibrant green bell pepper, perfect for adding color and flavor to your dishes.",3.25,"[""Highly recommended!"", ""Would not recommend!"", ""Excellent quality!""]",True,33
Green Chili Pepper,0.99,https://cdn.dummyjson.com/product-images/groceries/green-chili-pepper/1.webp,groceries,"Spicy green chili pepper, ideal for adding heat to your favorite recipes.",3.66,"[""Great product!"", ""Waste of money!"", ""Very disappointed!""]",True,3
Honey Jar,6.99,https://cdn.dummyjson.com/product-images/groceries/honey-jar/1.webp,groceries,"Pure and natural honey in a convenient jar, perfect for sweetening beverages or drizzling over food.",3.97,"[""Very disappointed!"", ""Highly impressed!"", ""Very disappointed!""]",True,34
Ice Cream,5.49,https://cdn.dummyjson.com/product-images/groceries/ice-cream/1.webp,groceries,"Creamy and delicious ice cream, available in various flavors for a delightful treat.",3.39,"[""Very pleased!"", ""Excellent quality!"", ""Highly impressed!""]",True,27
Juice,3.99,https://cdn.dummyjson.com/product-images/groceries/juice/1.webp,groceries,"Refreshing fruit juice, packed with vitamins and great for staying hydrated.",3.94,"[""Excellent quality!"", ""Would buy again!"", ""Awesome product!""]",True,50
Kiwi,2.49,https://cdn.dummyjson.com/product-images/groceries/kiwi/1.webp,groceries,"Nutrient-rich kiwi, perfect for snacking or adding a tropical twist to your dishes.",4.93,"[""Highly recommended!"", ""Would not buy again!"", ""Fast shipping!""]",True,99
Lemon,0.79,https://cdn.dummyjson.com/product-images/groceries/lemon/1.webp,groceries,"Zesty and tangy lemons, versatile for cooking, baking, or making refreshing beverages.",3.53,"[""Awesome product!"", ""Highly impressed!"", ""Very satisfied!""]",True,31
Milk,3.49,https://cdn.dummyjson.com/product-images/groceries/milk/1.webp,groceries,"Fresh and nutritious milk, a staple for various recipes and daily consumption.",2.61,"[""Very satisfied!"", ""Would not buy again!"", ""Great value for money!""]",True,27
Mulberry,4.99,https://cdn.dummyjson.com/product-images/groceries/mulberry/1.webp,groceries,"Sweet and juicy mulberries, perfect for snacking or adding to desserts and cereals.",4.95,"[""Fast shipping!"", ""Not worth the price!"", ""Would not buy again!""]",True,99
Nescafe Coffee,7.99,https://cdn.dummyjson.com/product-images/groceries/nescafe-coffee/1.webp,groceries,"Quality coffee from Nescafe, available in various blends for a rich and satisfying cup.",4.82,"[""Very pleased!"", ""Highly recommended!"", ""Would buy again!""]",True,57
Potatoes,2.29,https://cdn.dummyjson.com/product-images/groceries/potatoes/1.webp,groceries,"Versatile and starchy potatoes, great for roasting, mashing, or as a side dish.",4.81,"[""Highly impressed!"", ""Fast shipping!"", ""Highly recommended!""]",True,13
Protein Powder,19.99,https://cdn.dummyjson.com/product-images/groceries/protein-powder/1.webp,groceries,"Nutrient-packed protein powder, ideal for supplementing your diet with essential proteins.",4.18,"[""Very unhappy with my purchase!"", ""Would buy again!"", ""Very happy with my purchase!""]",True,80
Red Onions,1.99,https://cdn.dummyjson.com/product-images/groceries/red-onions/1.webp,groceries,"Flavorful and aromatic red onions, perfect for adding depth to your savory dishes.",4.2,"[""Fast shipping!"", ""Very dissatisfied!"", ""Awesome product!""]",True,82
Rice,5.99,https://cdn.dummyjson.com/product-images/groceries/rice/1.webp,groceries,"High-quality rice, a staple for various cuisines and a versatile base for many dishes.",3.18,"[""Would buy again!"", ""Very satisfied!"", ""Very disappointed!""]",True,59
Soft Drinks,1.99,https://cdn.dummyjson.com/product-images/groceries/soft-drinks/1.webp,groceries,"Assorted soft drinks in various flavors, perfect for refreshing beverages.",4.75,"[""Would not recommend!"", ""Would not recommend!"", ""Highly recommended!""]",True,53
Strawberry,3.99,https://cdn.dummyjson.com/product-images/groceries/strawberry/1.webp,groceries,"Sweet and succulent strawberries, great for snacking, desserts, or blending into smoothies.",3.08,"[""Would not buy again!"", ""Would not buy again!"", ""Would buy again!""]",True,46
Tissue Paper Box,2.49,https://cdn.dummyjson.com/product-images/groceries/tissue-paper-box/1.webp,groceries,"Convenient tissue paper box for everyday use, providing soft and absorbent tissues.",2.69,"[""Not as described!"", ""Fast shipping!"", ""Great value for money!""]",True,86
Water,0.99,https://cdn.dummyjson.com/product-images/groceries/water/1.webp,groceries,"Pure and refreshing bottled water, essential for staying hydrated throughout the day.",4.96,"[""Highly impressed!"", ""Would not recommend!"", ""Not as described!""]",True,53
Decoration Swing,59.99,https://cdn.dummyjson.com/product-images/home-decoration/decoration-swing/1.webp,home-decoration,"The Decoration Swing is a charming addition to your home decor. Crafted with intricate details, it adds a touch of elegance and whimsy to any room.",3.16,"[""Would not buy again!"", ""Poor quality!"", ""Very unhappy with my purchase!""]",True,47
Family Tree Photo Frame,29.99,https://cdn.dummyjson.com/product-images/home-decoration/family-tree-photo-frame/1.webp,home-decoration,"The Family Tree Photo Frame is a sentimental and stylish way to display your cherished family memories. With multiple photo slots, it tells the story of your loved ones.",4.53,"[""Highly impressed!"", ""Excellent quality!"", ""Very dissatisfied!""]",True,77
House Showpiece Plant,39.99,https://cdn.dummyjson.com/product-images/home-decoration/house-showpiece-plant/1.webp,home-decoration,The House Showpiece Plant is an artificial plant that brings a touch of nature to your home without the need for maintenance. It adds greenery and style to any space.,4.67,"[""Very happy with my purchase!"", ""Poor quality!"", ""Very pleased!""]",True,28
Plant Pot,14.99,https://cdn.dummyjson.com/product-images/home-decoration/plant-pot/1.webp,home-decoration,"The Plant Pot is a stylish container for your favorite plants. With a sleek design, it complements your indoor or outdoor garden, adding a modern touch to your plant display.",3.01,"[""Fast shipping!"", ""Very satisfied!"", ""Poor quality!""]",True,59
Table Lamp,49.99,https://cdn.dummyjson.com/product-images/home-decoration/table-lamp/1.webp,home-decoration,"The Table Lamp is a functional and decorative lighting solution for your living space. With a modern design, it provides both ambient and task lighting, enhancing the atmosphere.",3.55,"[""Excellent quality!"", ""Would not recommend!"", ""Awesome product!""]",True,9
Bamboo Spatula,7.99,https://cdn.dummyjson.com/product-images/kitchen-accessories/bamboo-spatula/1.webp,kitchen-accessories,"The Bamboo Spatula is a versatile kitchen tool made from eco-friendly bamboo. Ideal for flipping, stirring, and serving various dishes.",3.27,"[""Awesome product!"", ""Highly recommended!"", ""Highly recommended!""]",True,37
Black Aluminium Cup,5.99,https://cdn.dummyjson.com/product-images/kitchen-accessories/black-aluminium-cup/1.webp,kitchen-accessories,The Black Aluminium Cup is a stylish and durable cup suitable for both hot and cold beverages. Its sleek black design adds a modern touch to your drinkware collection.,4.46,"[""Very disappointed!"", ""Great value for money!"", ""Not worth the price!""]",True,75
Black Whisk,9.99,https://cdn.dummyjson.com/product-images/kitchen-accessories/black-whisk/1.webp,kitchen-accessories,The Black Whisk is a kitchen essential for whisking and beating ingredients. Its ergonomic handle and sleek design make it a practical and stylish tool.,3.9,"[""Not worth the price!"", ""Waste of money!"", ""Very pleased!""]",True,73
Boxed Blender,39.99,https://cdn.dummyjson.com/product-images/kitchen-accessories/boxed-blender/1.webp,kitchen-accessories,"The Boxed Blender is a powerful and compact blender perfect for smoothies, shakes, and more. Its convenient design and multiple functions make it a versatile kitchen appliance.",4.56,"[""Very pleased!"", ""Would buy again!"", ""Very happy with my purchase!""]",True,9
Carbon Steel Wok,29.99,https://cdn.dummyjson.com/product-images/kitchen-accessories/carbon-steel-wok/1.webp,kitchen-accessories,"The Carbon Steel Wok is a versatile cooking pan suitable for stir-frying, sautéing, and deep frying. Its sturdy construction ensures even heat distribution for delicious meals.",4.05,"[""Excellent quality!"", ""Highly impressed!"", ""Very satisfied!""]",True,40
Chopping Board,12.99,https://cdn.dummyjson.com/product-images/kitchen-accessories/chopping-board/1.webp,kitchen-accessories,"The Chopping Board is an essential kitchen accessory for food preparation. Made from durable material, it provides a safe and hygienic surface for cutting and chopping.",3.7,"[""Great value for money!"", ""Great value for money!"", ""Fast shipping!""]",True,14
Citrus Squeezer Yellow,8.99,https://cdn.dummyjson.com/product-images/kitchen-accessories/citrus-squeezer-yellow/1.webp,kitchen-accessories,The Citrus Squeezer in Yellow is a handy tool for extracting juice from citrus fruits. Its vibrant color adds a cheerful touch to your kitchen gadgets.,4.63,"[""Highly recommended!"", ""Great product!"", ""Highly impressed!""]",True,22
Egg Slicer,6.99,https://cdn.dummyjson.com/product-images/kitchen-accessories/egg-slicer/1.webp,kitchen-accessories,"The Egg Slicer is a convenient tool for slicing boiled eggs evenly. It's perfect for salads, sandwiches, and other dishes where sliced eggs are desired.",3.09,"[""Very dissatisfied!"", ""Very happy with my purchase!"", ""Not worth the price!""]",True,40
Electric Stove,49.99,https://cdn.dummyjson.com/product-images/kitchen-accessories/electric-stove/1.webp,kitchen-accessories,The Electric Stove provides a portable and efficient cooking solution. Ideal for small kitchens or as an additional cooking surface for various culinary needs.,4.11,"[""Would not recommend!"", ""Very dissatisfied!"", ""Very pleased!""]",True,21
Fine Mesh Strainer,9.99,https://cdn.dummyjson.com/product-images/kitchen-accessories/fine-mesh-strainer/1.webp,kitchen-accessories,The Fine Mesh Strainer is a versatile tool for straining liquids and sifting dry ingredients. Its fine mesh ensures efficient filtering for smooth cooking and baking.,3.04,"[""Very pleased!"", ""Highly impressed!"", ""Would not recommend!""]",True,85
Fork,3.99,https://cdn.dummyjson.com/product-images/kitchen-accessories/fork/1.webp,kitchen-accessories,The Fork is a classic utensil for various dining and serving purposes. Its durable and ergonomic design makes it a reliable choice for everyday use.,3.11,"[""Highly impressed!"", ""Very satisfied!"", ""Would not buy again!""]",True,7
Glass,4.99,https://cdn.dummyjson.com/product-images/kitchen-accessories/glass/1.webp,kitchen-accessories,The Glass is a versatile and elegant drinking vessel suitable for a variety of beverages. Its clear design allows you to enjoy the colors and textures of your drinks.,4.02,"[""Very happy with my purchase!"", ""Waste of money!"", ""Very satisfied!""]",True,46
Grater Black,10.99,https://cdn.dummyjson.com/product-images/kitchen-accessories/grater-black/1.webp,kitchen-accessories,"The Grater in Black is a handy kitchen tool for grating cheese, vegetables, and more. Its sleek design and sharp blades make food preparation efficient and easy.",3.21,"[""Would not buy again!"", ""Not as described!"", ""Highly impressed!""]",True,84
Hand Blender,34.99,https://cdn.dummyjson.com/product-images/kitchen-accessories/hand-blender/1.webp,kitchen-accessories,"The Hand Blender is a versatile kitchen appliance for blending, pureeing, and mixing. Its compact design and powerful motor make it a convenient tool for various recipes.",3.86,"[""Excellent quality!"", ""Highly impressed!"", ""Would not buy again!""]",True,84
Ice Cube Tray,5.99,https://cdn.dummyjson.com/product-images/kitchen-accessories/ice-cube-tray/1.webp,kitchen-accessories,The Ice Cube Tray is a practical accessory for making ice cubes in various shapes. Perfect for keeping your drinks cool and adding a fun element to your beverages.,4.71,"[""Awesome product!"", ""Would buy again!"", ""Very pleased!""]",True,13
Kitchen Sieve,7.99,https://cdn.dummyjson.com/product-images/kitchen-accessories/kitchen-sieve/1.webp,kitchen-accessories,The Kitchen Sieve is a versatile tool for sifting and straining dry and wet ingredients. Its fine mesh design ensures smooth results in your cooking and baking.,3.09,"[""Highly recommended!"", ""Very happy with my purchase!"", ""Awesome product!""]",True,68
Knife,14.99,https://cdn.dummyjson.com/product-images/kitchen-accessories/knife/1.webp,kitchen-accessories,"The Knife is an essential kitchen tool for chopping, slicing, and dicing. Its sharp blade and ergonomic handle make it a reliable choice for food preparation.",3.26,"[""Very disappointed!"", ""Fast shipping!"", ""Very pleased!""]",True,7
Lunch Box,12.99,https://cdn.dummyjson.com/product-images/kitchen-accessories/lunch-box/1.webp,kitchen-accessories,"The Lunch Box is a convenient and portable container for packing and carrying your meals. With compartments for different foods, it's perfect for on-the-go dining.",4.93,"[""Very pleased!"", ""Very happy with my purchase!"", ""Poor quality!""]",True,94
Microwave Oven,89.99,https://cdn.dummyjson.com/product-images/kitchen-accessories/microwave-oven/1.webp,kitchen-accessories,"The Microwave Oven is a versatile kitchen appliance for quick and efficient cooking, reheating, and defrosting. Its compact size makes it suitable for various kitchen setups.",4.82,"[""Very dissatisfied!"", ""Fast shipping!"", ""Very disappointed!""]",True,59
Mug Tree Stand,15.99,https://cdn.dummyjson.com/product-images/kitchen-accessories/mug-tree-stand/1.webp,kitchen-accessories,The Mug Tree Stand is a stylish and space-saving solution for organizing your mugs. Keep your favorite mugs easily accessible and neatly displayed in your kitchen.,2.64,"[""Very unhappy with my purchase!"", ""Highly recommended!"", ""Fast shipping!""]",True,88
Pan,24.99,https://cdn.dummyjson.com/product-images/kitchen-accessories/pan/1.webp,kitchen-accessories,"The Pan is a versatile and essential cookware item for frying, sautéing, and cooking various dishes. Its non-stick coating ensures easy food release and cleanup.",2.79,"[""Highly impressed!"", ""Highly recommended!"", ""Not as described!""]",True,90
Plate,3.99,https://cdn.dummyjson.com/product-images/kitchen-accessories/plate/1.webp,kitchen-accessories,The Plate is a classic and essential dishware item for serving meals. Its durable and stylish design makes it suitable for everyday use or special occasions.,3.65,"[""Disappointing product!"", ""Great product!"", ""Excellent quality!""]",True,66
Red Tongs,6.99,https://cdn.dummyjson.com/product-images/kitchen-accessories/red-tongs/1.webp,kitchen-accessories,The Red Tongs are versatile kitchen tongs suitable for various cooking and serving tasks. Their vibrant color adds a pop of excitement to your kitchen utensils.,4.42,"[""Very satisfied!"", ""Highly recommended!"", ""Excellent quality!""]",True,82
Silver Pot With Glass Cap,39.99,https://cdn.dummyjson.com/product-images/kitchen-accessories/silver-pot-with-glass-cap/1.webp,kitchen-accessories,"The Silver Pot with Glass Cap is a stylish and functional cookware item for boiling, simmering, and preparing delicious meals. Its glass cap allows you to monitor cooking progress.",3.22,"[""Great product!"", ""Excellent quality!"", ""Disappointing product!""]",True,40
Slotted Turner,8.99,https://cdn.dummyjson.com/product-images/kitchen-accessories/slotted-turner/1.webp,kitchen-accessories,"The Slotted Turner is a kitchen utensil designed for flipping and turning food items. Its slotted design allows excess liquid to drain, making it ideal for frying and sautéing.",3.4,"[""Would not recommend!"", ""Would not recommend!"", ""Very satisfied!""]",True,88
Spice Rack,19.99,https://cdn.dummyjson.com/product-images/kitchen-accessories/spice-rack/1.webp,kitchen-accessories,The Spice Rack is a convenient organizer for your spices and seasonings. Keep your kitchen essentials within reach and neatly arranged with this stylish spice rack.,4.87,"[""Very satisfied!"", ""Excellent quality!"", ""Waste of money!""]",True,79
Spoon,4.99,https://cdn.dummyjson.com/product-images/kitchen-accessories/spoon/1.webp,kitchen-accessories,"The Spoon is a versatile kitchen utensil for stirring, serving, and tasting. Its ergonomic design and durable construction make it an essential tool for every kitchen.",4.03,"[""Waste of money!"", ""Disappointing product!"", ""Awesome product!""]",True,59
Tray,16.99,https://cdn.dummyjson.com/product-images/kitchen-accessories/tray/1.webp,kitchen-accessories,"The Tray is a functional and decorative item for serving snacks, appetizers, or drinks. Its stylish design makes it a versatile accessory for entertaining guests.",4.62,"[""Fast shipping!"", ""Very disappointed!"", ""Excellent quality!""]",True,71
Wooden Rolling Pin,11.99,https://cdn.dummyjson.com/product-images/kitchen-accessories/wooden-rolling-pin/1.webp,kitchen-accessories,The Wooden Rolling Pin is a classic kitchen tool for rolling out dough for baking. Its smooth surface and sturdy handles make it easy to achieve uniform thickness.,2.92,"[""Would not recommend!"", ""Very disappointed!"", ""Great product!""]",True,80
Yellow Peeler,5.99,https://cdn.dummyjson.com/product-images/kitchen-accessories/yellow-peeler/1.webp,kitchen-accessories,The Yellow Peeler is a handy tool for peeling fruits and vegetables with ease. Its bright yellow color adds a cheerful touch to your kitchen gadgets.,4.24,"[""Very unhappy with my purchase!"", ""Very happy with my purchase!"", ""Great product!""]",True,35
Apple MacBook Pro 14 Inch Space Grey,1999.99,https://cdn.dummyjson.com/product-images/laptops/apple-macbook-pro-14-inch-space-grey/1.webp,laptops,"The MacBook Pro 14 Inch in Space Grey is a powerful and sleek laptop, featuring Apple's M1 Pro chip for exceptional performance and a stunning Retina display.",3.65,"[""Very happy with my purchase!"", ""Very happy with my purchase!"", ""Very satisfied!""]",True,24
Asus Zenbook Pro Dual Screen Laptop,1799.99,https://cdn.dummyjson.com/product-images/laptops/asus-zenbook-pro-dual-screen-laptop/1.webp,laptops,"The Asus Zenbook Pro Dual Screen Laptop is a high-performance device with dual screens, providing productivity and versatility for creative professionals.",3.95,"[""Very happy with my purchase!"", ""Highly recommended!"", ""Very satisfied!""]",True,45
Huawei Matebook X Pro,1399.99,https://cdn.dummyjson.com/product-images/laptops/huawei-matebook-x-pro/1.webp,laptops,"The Huawei Matebook X Pro is a slim and stylish laptop with a high-resolution touchscreen display, offering a premium experience for users on the go.",4.98,"[""Very satisfied!"", ""Very happy with my purchase!"", ""Not worth the price!""]",True,75
Lenovo Yoga 920,1099.99,https://cdn.dummyjson.com/product-images/laptops/lenovo-yoga-920/1.webp,laptops,"The Lenovo Yoga 920 is a 2-in-1 convertible laptop with a flexible hinge, allowing you to use it as a laptop or tablet, offering versatility and portability.",2.86,"[""Would buy again!"", ""Great value for money!"", ""Great value for money!""]",True,40
New DELL XPS 13 9300 Laptop,1499.99,https://cdn.dummyjson.com/product-images/laptops/new-dell-xps-13-9300-laptop/1.webp,laptops,"The New DELL XPS 13 9300 Laptop is a compact and powerful device, featuring a virtually borderless InfinityEdge display and high-end performance for various tasks.",2.67,"[""Poor quality!"", ""Very satisfied!"", ""Disappointing product!""]",True,74
Blue & Black Check Shirt,29.99,https://cdn.dummyjson.com/product-images/mens-shirts/blue-&-black-check-shirt/1.webp,mens-shirts,"The Blue & Black Check Shirt is a stylish and comfortable men's shirt featuring a classic check pattern. Made from high-quality fabric, it's suitable for both casual and semi-formal occasions.",3.64,"[""Waste of money!"", ""Very satisfied!"", ""Fast shipping!""]",True,38
Gigabyte Aorus Men Tshirt,24.99,https://cdn.dummyjson.com/product-images/mens-shirts/gigabyte-aorus-men-tshirt/1.webp,mens-shirts,"The Gigabyte Aorus Men Tshirt is a cool and casual shirt for gaming enthusiasts. With the Aorus logo and sleek design, it's perfect for expressing your gaming style.",3.18,"[""Excellent quality!"", ""Awesome product!"", ""Disappointing product!""]",True,90
Man Plaid Shirt,34.99,https://cdn.dummyjson.com/product-images/mens-shirts/man-plaid-shirt/1.webp,mens-shirts,The Man Plaid Shirt is a timeless and versatile men's shirt with a classic plaid pattern. Its comfortable fit and casual style make it a wardrobe essential for various occasions.,3.46,"[""Disappointing product!"", ""Awesome product!"", ""Very disappointed!""]",True,82
Man Short Sleeve Shirt,19.99,https://cdn.dummyjson.com/product-images/mens-shirts/man-short-sleeve-shirt/1.webp,mens-shirts,"The Man Short Sleeve Shirt is a breezy and stylish option for warm days. With a comfortable fit and short sleeves, it's perfect for a laid-back yet polished look.",2.9,"[""Highly recommended!"", ""Poor quality!"", ""Would not recommend!""]",True,2
Men Check Shirt,27.99,https://cdn.dummyjson.com/product-images/mens-shirts/men-check-shirt/1.webp,mens-shirts,"The Men Check Shirt is a classic and versatile shirt featuring a stylish check pattern. Suitable for various occasions, it adds a smart and polished touch to your wardrobe.",2.72,"[""Would not recommend!"", ""Fast shipping!"", ""Very unhappy with my purchase!""]",True,95
Nike Air Jordan 1 Red And Black,149.99,https://cdn.dummyjson.com/product-images/mens-shoes/nike-air-jordan-1-red-and-black/1.webp,mens-shoes,"The Nike Air Jordan 1 in Red and Black is an iconic basketball sneaker known for its stylish design and high-performance features, making it a favorite among sneaker enthusiasts and athletes.",4.77,"[""Highly impressed!"", ""Very happy with my purchase!"", ""Waste of money!""]",True,7
Nike Baseball Cleats,79.99,https://cdn.dummyjson.com/product-images/mens-shoes/nike-baseball-cleats/1.webp,mens-shoes,Nike Baseball Cleats are designed for maximum traction and performance on the baseball field. They provide stability and support for players during games and practices.,3.88,"[""Would buy again!"", ""Very disappointed!"", ""Would not recommend!""]",True,12
Puma Future Rider Trainers,89.99,https://cdn.dummyjson.com/product-images/mens-shoes/puma-future-rider-trainers/1.webp,mens-shoes,"The Puma Future Rider Trainers offer a blend of retro style and modern comfort. Perfect for casual wear, these trainers provide a fashionable and comfortable option for everyday use.",4.9,"[""Highly impressed!"", ""Very disappointed!"", ""Very pleased!""]",True,90
Sports Sneakers Off White & Red,119.99,https://cdn.dummyjson.com/product-images/mens-shoes/sports-sneakers-off-white-&-red/1.webp,mens-shoes,"The Sports Sneakers in Off White and Red combine style and functionality, making them a fashionable choice for sports enthusiasts. The red and off-white color combination adds a bold and energetic touch.",4.77,"[""Would buy again!"", ""Fast shipping!"", ""Awesome product!""]",True,17
Sports Sneakers Off White Red,109.99,https://cdn.dummyjson.com/product-images/mens-shoes/sports-sneakers-off-white-red/1.webp,mens-shoes,"Another variant of the Sports Sneakers in Off White Red, featuring a unique design. These sneakers offer style and comfort for casual occasions.",4.69,"[""Excellent quality!"", ""Great value for money!"", ""Not worth the price!""]",True,62
Brown Leather Belt Watch,89.99,https://cdn.dummyjson.com/product-images/mens-watches/brown-leather-belt-watch/1.webp,mens-watches,"The Brown Leather Belt Watch is a stylish timepiece with a classic design. Featuring a genuine leather strap and a sleek dial, it adds a touch of sophistication to your look.",4.19,"[""Very unhappy with my purchase!"", ""Fast shipping!"", ""Would buy again!""]",True,32
Longines Master Collection,1499.99,https://cdn.dummyjson.com/product-images/mens-watches/longines-master-collection/1.webp,mens-watches,"The Longines Master Collection is an elegant and refined watch known for its precision and craftsmanship. With a timeless design, it's a symbol of luxury and sophistication.",3.87,"[""Highly impressed!"", ""Very disappointed!"", ""Great product!""]",True,100
Rolex Cellini Date Black Dial,8999.99,https://cdn.dummyjson.com/product-images/mens-watches/rolex-cellini-date-black-dial/1.webp,mens-watches,"The Rolex Cellini Date with Black Dial is a classic and prestigious watch. With a black dial and date complication, it exudes sophistication and is a symbol of Rolex's heritage.",4.97,"[""Not worth the price!"", ""Very satisfied!"", ""Would not buy again!""]",True,40
Rolex Cellini Moonphase,12999.99,https://cdn.dummyjson.com/product-images/mens-watches/rolex-cellini-moonphase/1.webp,mens-watches,"The Rolex Cellini Moonphase is a masterpiece of horology, featuring a moon phase complication and exquisite design. It reflects Rolex's commitment to precision and elegance.",2.58,"[""Poor quality!"", ""Very satisfied!"", ""Very pleased!""]",True,36
Rolex Datejust,10999.99,https://cdn.dummyjson.com/product-images/mens-watches/rolex-datejust/1.webp,mens-watches,"The Rolex Datejust is an iconic and versatile timepiece with a date window. Known for its timeless design and reliability, it's a symbol of Rolex's watchmaking excellence.",3.66,"[""Fast shipping!"", ""Very pleased!"", ""Waste of money!""]",True,86
Rolex Submariner Watch,13999.99,https://cdn.dummyjson.com/product-images/mens-watches/rolex-submariner-watch/1.webp,mens-watches,"The Rolex Submariner is a legendary dive watch with a rich history. Known for its durability and water resistance, it's a symbol of adventure and exploration.",2.69,"[""Great value for money!"", ""Highly recommended!"", ""Fast shipping!""]",True,55
Amazon Echo Plus,99.99,https://cdn.dummyjson.com/product-images/mobile-accessories/amazon-echo-plus/1.webp,mobile-accessories,The Amazon Echo Plus is a smart speaker with built-in Alexa voice control. It features premium sound quality and serves as a hub for controlling smart home devices.,4.99,"[""Would not recommend!"", ""Very disappointed!"", ""Fast shipping!""]",True,61
Apple Airpods,129.99,https://cdn.dummyjson.com/product-images/mobile-accessories/apple-airpods/1.webp,mobile-accessories,"The Apple Airpods offer a seamless wireless audio experience. With easy pairing, high-quality sound, and Siri integration, they are perfect for on-the-go listening.",4.15,"[""Would not buy again!"", ""Great product!"", ""Excellent quality!""]",True,67
Apple AirPods Max Silver,549.99,https://cdn.dummyjson.com/product-images/mobile-accessories/apple-airpods-max-silver/1.webp,mobile-accessories,"The Apple AirPods Max in Silver are premium over-ear headphones with high-fidelity audio, adaptive EQ, and active noise cancellation. Experience immersive sound in style.",3.47,"[""Excellent quality!"", ""Very happy with my purchase!"", ""Would buy again!""]",True,59
Apple Airpower Wireless Charger,79.99,https://cdn.dummyjson.com/product-images/mobile-accessories/apple-airpower-wireless-charger/1.webp,mobile-accessories,The Apple AirPower Wireless Charger provides a convenient way to charge your compatible Apple devices wirelessly. Simply place your devices on the charging mat for effortless charging.,3.68,"[""Would buy again!"", ""Awesome product!"", ""Not worth the price!""]",True,1
Apple HomePod Mini Cosmic Grey,99.99,https://cdn.dummyjson.com/product-images/mobile-accessories/apple-homepod-mini-cosmic-grey/1.webp,mobile-accessories,The Apple HomePod Mini in Cosmic Grey is a compact smart speaker that delivers impressive audio and integrates seamlessly with the Apple ecosystem for a smart home experience.,4.62,"[""Great product!"", ""Would not buy again!"", ""Very pleased!""]",True,27
Apple iPhone Charger,19.99,https://cdn.dummyjson.com/product-images/mobile-accessories/apple-iphone-charger/1.webp,mobile-accessories,The Apple iPhone Charger is a high-quality charger designed for fast and efficient charging of your iPhone. Ensure your device stays powered up and ready to go.,4.15,"[""Very disappointed!"", ""Great product!"", ""Waste of money!""]",True,31
Apple MagSafe Battery Pack,99.99,https://cdn.dummyjson.com/product-images/mobile-accessories/apple-magsafe-battery-pack/1.webp,mobile-accessories,The Apple MagSafe Battery Pack is a portable and convenient way to add extra battery life to your MagSafe-compatible iPhone. Attach it magnetically for a secure connection.,3.62,"[""Would not recommend!"", ""Not as described!"", ""Fast shipping!""]",True,1
Apple Watch Series 4 Gold,349.99,https://cdn.dummyjson.com/product-images/mobile-accessories/apple-watch-series-4-gold/1.webp,mobile-accessories,"The Apple Watch Series 4 in Gold is a stylish and advanced smartwatch with features like heart rate monitoring, fitness tracking, and a beautiful Retina display.",2.74,"[""Very unhappy with my purchase!"", ""Fast shipping!"", ""Would buy again!""]",True,33
Beats Flex Wireless Earphones,49.99,https://cdn.dummyjson.com/product-images/mobile-accessories/beats-flex-wireless-earphones/1.webp,mobile-accessories,"The Beats Flex Wireless Earphones offer a comfortable and versatile audio experience. With magnetic earbuds and up to 12 hours of battery life, they are ideal for everyday use.",4.24,"[""Disappointing product!"", ""Very pleased!"", ""Not worth the price!""]",True,50
iPhone 12 Silicone Case with MagSafe Plum,29.99,https://cdn.dummyjson.com/product-images/mobile-accessories/iphone-12-silicone-case-with-magsafe-plum/1.webp,mobile-accessories,The iPhone 12 Silicone Case with MagSafe in Plum is a stylish and protective case designed for the iPhone 12. It features MagSafe technology for easy attachment of accessories.,3.62,"[""Would not buy again!"", ""Great value for money!"", ""Highly recommended!""]",True,69
Monopod,19.99,https://cdn.dummyjson.com/product-images/mobile-accessories/monopod/1.webp,mobile-accessories,"The Monopod is a versatile camera accessory for stable and adjustable shooting. Perfect for capturing selfies, group photos, and videos with ease.",4.43,"[""Not worth the price!"", ""Highly recommended!"", ""Fast shipping!""]",True,48
Selfie Lamp with iPhone,14.99,https://cdn.dummyjson.com/product-images/mobile-accessories/selfie-lamp-with-iphone/1.webp,mobile-accessories,The Selfie Lamp with iPhone is a portable and adjustable LED light designed to enhance your selfies and video calls. Attach it to your iPhone for well-lit photos.,3.55,"[""Highly recommended!"", ""Poor quality!"", ""Highly recommended!""]",True,58
Selfie Stick Monopod,12.99,https://cdn.dummyjson.com/product-images/mobile-accessories/selfie-stick-monopod/1.webp,mobile-accessories,The Selfie Stick Monopod is a extendable and foldable device for capturing the perfect selfie or group photo. Compatible with smartphones and cameras.,3.88,"[""Great product!"", ""Great product!"", ""Very dissatisfied!""]",True,11
TV Studio Camera Pedestal,499.99,https://cdn.dummyjson.com/product-images/mobile-accessories/tv-studio-camera-pedestal/1.webp,mobile-accessories,The TV Studio Camera Pedestal is a professional-grade camera support system for smooth and precise camera movements in a studio setting. Ideal for broadcast and production.,2.78,"[""Would not recommend!"", ""Would buy again!"", ""Fast shipping!""]",True,15
Generic Motorcycle,3999.99,https://cdn.dummyjson.com/product-images/motorcycle/generic-motorcycle/1.webp,motorcycle,"The Generic Motorcycle is a versatile and reliable bike suitable for various riding preferences. With a balanced design, it provides a comfortable and efficient riding experience.",4.91,"[""Highly impressed!"", ""Very satisfied!"", ""Disappointing product!""]",True,34
Kawasaki Z800,8999.99,https://cdn.dummyjson.com/product-images/motorcycle/kawasaki-z800/1.webp,motorcycle,"The Kawasaki Z800 is a powerful and agile sportbike known for its striking design and performance. It's equipped with advanced features, making it a favorite among motorcycle enthusiasts.",3.98,"[""Highly impressed!"", ""Awesome product!"", ""Fast shipping!""]",True,52
MotoGP CI.H1,14999.99,https://cdn.dummyjson.com/product-images/motorcycle/motogp-ci.h1/1.webp,motorcycle,The MotoGP CI.H1 is a high-performance motorcycle inspired by MotoGP racing technology. It offers cutting-edge features and precision engineering for an exhilarating riding experience.,2.97,"[""Awesome product!"", ""Fast shipping!"", ""Highly recommended!""]",True,10
Scooter Motorcycle,2999.99,https://cdn.dummyjson.com/product-images/motorcycle/scooter-motorcycle/1.webp,motorcycle,The Scooter Motorcycle is a practical and fuel-efficient bike ideal for urban commuting. It features a step-through design and user-friendly controls for easy maneuverability.,2.53,"[""Highly recommended!"", ""Not as described!"", ""Very dissatisfied!""]",True,84
Sportbike Motorcycle,7499.99,https://cdn.dummyjson.com/product-images/motorcycle/sportbike-motorcycle/1.webp,motorcycle,"The Sportbike Motorcycle is designed for speed and agility, with a sleek and aerodynamic profile. It's suitable for riders looking for a dynamic and thrilling riding experience.",3.94,"[""Highly impressed!"", ""Would not recommend!"", ""Very disappointed!""]",False,0
Attitude Super Leaves Hand Soap,8.99,https://cdn.dummyjson.com/product-images/skin-care/attitude-super-leaves-hand-soap/1.webp,skin-care,"Attitude Super Leaves Hand Soap is a natural and nourishing hand soap enriched with the goodness of super leaves. It cleanses and moisturizes your hands, leaving them feeling fresh and soft.",3.19,"[""Very satisfied!"", ""Great product!"", ""Very happy with my purchase!""]",True,94
Olay Ultra Moisture Shea Butter Body Wash,12.99,https://cdn.dummyjson.com/product-images/skin-care/olay-ultra-moisture-shea-butter-body-wash/1.webp,skin-care,Olay Ultra Moisture Shea Butter Body Wash is a luxurious body wash that hydrates and nourishes your skin with the moisturizing power of shea butter. Enjoy a rich lather and silky-smooth skin.,4.51,"[""Very satisfied!"", ""Great value for money!"", ""Very pleased!""]",True,34
Vaseline Men Body and Face Lotion,9.99,https://cdn.dummyjson.com/product-images/skin-care/vaseline-men-body-and-face-lotion/1.webp,skin-care,Vaseline Men Body and Face Lotion is a specially formulated lotion designed to provide long-lasting moisture to men's skin. It absorbs quickly and helps keep the skin hydrated and healthy.,3.16,"[""Excellent quality!"", ""Very pleased!"", ""Great product!""]",True,95
iPhone 5s,199.99,https://cdn.dummyjson.com/product-images/smartphones/iphone-5s/1.webp,smartphones,"The iPhone 5s is a classic smartphone known for its compact design and advanced features during its release. While it's an older model, it still provides a reliable user experience.",2.83,"[""Highly recommended!"", ""Not as described!"", ""Very satisfied!""]",True,25
iPhone 6,299.99,https://cdn.dummyjson.com/product-images/smartphones/iphone-6/1.webp,smartphones,"The iPhone 6 is a stylish and capable smartphone with a larger display and improved performance. It introduced new features and design elements, making it a popular choice in its time.",3.41,"[""Disappointing product!"", ""Excellent quality!"", ""Great value for money!""]",True,60
iPhone 13 Pro,1099.99,https://cdn.dummyjson.com/product-images/smartphones/iphone-13-pro/1.webp,smartphones,"The iPhone 13 Pro is a cutting-edge smartphone with a powerful camera system, high-performance chip, and stunning display. It offers advanced features for users who demand top-notch technology.",4.12,"[""Would buy again!"", ""Not worth the price!"", ""Very satisfied!""]",True,56
iPhone X,899.99,https://cdn.dummyjson.com/product-images/smartphones/iphone-x/1.webp,smartphones,"The iPhone X is a flagship smartphone featuring a bezel-less OLED display, facial recognition technology (Face ID), and impressive performance. It represents a milestone in iPhone design and innovation.",2.51,"[""Highly recommended!"", ""Great product!"", ""Not as described!""]",True,37
Oppo A57,249.99,https://cdn.dummyjson.com/product-images/smartphones/oppo-a57/1.webp,smartphones,"The Oppo A57 is a mid-range smartphone known for its sleek design and capable features. It offers a balance of performance and affordability, making it a popular choice.",3.94,"[""Excellent quality!"", ""Excellent quality!"", ""Poor quality!""]",True,19
Oppo F19 Pro Plus,399.99,https://cdn.dummyjson.com/product-images/smartphones/oppo-f19-pro-plus/1.webp,smartphones,The Oppo F19 Pro Plus is a feature-rich smartphone with a focus on camera capabilities. It boasts advanced photography features and a powerful performance for a premium user experience.,3.51,"[""Very happy with my purchase!"", ""Highly recommended!"", ""Would buy again!""]",True,78
Oppo K1,299.99,https://cdn.dummyjson.com/product-images/smartphones/oppo-k1/1.webp,smartphones,"The Oppo K1 series offers a range of smartphones with various features and specifications. Known for their stylish design and reliable performance, the Oppo K1 series caters to diverse user preferences.",4.25,"[""Very pleased!"", ""Highly recommended!"", ""Very dissatisfied!""]",True,55
Realme C35,149.99,https://cdn.dummyjson.com/product-images/smartphones/realme-c35/1.webp,smartphones,The Realme C35 is a budget-friendly smartphone with a focus on providing essential features for everyday use. It offers a reliable performance and user-friendly experience.,4.2,"[""Great product!"", ""Very unhappy with my purchase!"", ""Highly impressed!""]",True,48
Realme X,299.99,https://cdn.dummyjson.com/product-images/smartphones/realme-x/1.webp,smartphones,The Realme X is a mid-range smartphone known for its sleek design and impressive display. It offers a good balance of performance and camera capabilities for users seeking a quality device.,3.7,"[""Would buy again!"", ""Fast shipping!"", ""Very satisfied!""]",True,12
Realme XT,349.99,https://cdn.dummyjson.com/product-images/smartphones/realme-xt/1.webp,smartphones,"The Realme XT is a feature-rich smartphone with a focus on camera technology. It comes equipped with advanced camera sensors, delivering high-quality photos and videos for photography enthusiasts.",4.58,"[""Very satisfied!"", ""Not as described!"", ""Would buy again!""]",True,80
Samsung Galaxy S7,299.99,https://cdn.dummyjson.com/product-images/smartphones/samsung-galaxy-s7/1.webp,smartphones,"The Samsung Galaxy S7 is a flagship smartphone known for its sleek design and advanced features. It features a high-resolution display, powerful camera, and robust performance.",3.3,"[""Not as described!"", ""Fast shipping!"", ""Excellent quality!""]",True,67
Samsung Galaxy S8,499.99,https://cdn.dummyjson.com/product-images/smartphones/samsung-galaxy-s8/1.webp,smartphones,"The Samsung Galaxy S8 is a premium smartphone with an Infinity Display, offering a stunning visual experience. It boasts advanced camera capabilities and cutting-edge technology.",4.4,"[""Highly impressed!"", ""Highly impressed!"", ""Highly recommended!""]",False,0
Samsung Galaxy S10,699.99,https://cdn.dummyjson.com/product-images/smartphones/samsung-galaxy-s10/1.webp,smartphones,"The Samsung Galaxy S10 is a flagship device featuring a dynamic AMOLED display, versatile camera system, and powerful performance. It represents innovation and excellence in smartphone technology.",3.06,"[""Excellent quality!"", ""Would buy again!"", ""Would not recommend!""]",True,19
Vivo S1,249.99,https://cdn.dummyjson.com/product-images/smartphones/vivo-s1/1.webp,smartphones,"The Vivo S1 is a stylish and mid-range smartphone offering a blend of design and performance. It features a vibrant display, capable camera system, and reliable functionality.",3.5,"[""Very satisfied!"", ""Very disappointed!"", ""Would buy again!""]",True,50
Vivo V9,299.99,https://cdn.dummyjson.com/product-images/smartphones/vivo-v9/1.webp,smartphones,"The Vivo V9 is a smartphone known for its sleek design and emphasis on capturing high-quality selfies. It features a notch display, dual-camera setup, and a modern design.",3.6,"[""Very unhappy with my purchase!"", ""Awesome product!"", ""Great value for money!""]",True,82
Vivo X21,499.99,https://cdn.dummyjson.com/product-images/smartphones/vivo-x21/1.webp,smartphones,"The Vivo X21 is a premium smartphone with a focus on cutting-edge technology. It features an in-display fingerprint sensor, a high-resolution display, and advanced camera capabilities.",4.26,"[""Very pleased!"", ""Fast shipping!"", ""Not as described!""]",True,7
American Football,19.99,https://cdn.dummyjson.com/product-images/sports-accessories/american-football/1.webp,sports-accessories,"The American Football is a classic ball used in American football games. It is designed for throwing and catching, making it an essential piece of equipment for the sport.",4.91,"[""Awesome product!"", ""Would buy again!"", ""Very pleased!""]",True,53
Baseball Ball,8.99,https://cdn.dummyjson.com/product-images/sports-accessories/baseball-ball/1.webp,sports-accessories,"The Baseball Ball is a standard baseball used in baseball games. It features a durable leather cover and is designed for pitching, hitting, and fielding in the game of baseball.",2.57,"[""Excellent quality!"", ""Great value for money!"", ""Poor quality!""]",True,100
Baseball Glove,24.99,https://cdn.dummyjson.com/product-images/sports-accessories/baseball-glove/1.webp,sports-accessories,"The Baseball Glove is a protective glove worn by baseball players. It is designed to catch and field the baseball, providing players with comfort and control during the game.",3.96,"[""Very unhappy with my purchase!"", ""Great value for money!"", ""Would not recommend!""]",True,22
Basketball,14.99,https://cdn.dummyjson.com/product-images/sports-accessories/basketball/1.webp,sports-accessories,"The Basketball is a standard ball used in basketball games. It is designed for dribbling, shooting, and passing in the game of basketball, suitable for both indoor and outdoor play.",4.66,"[""Highly recommended!"", ""Would not buy again!"", ""Very satisfied!""]",True,75
Basketball Rim,39.99,https://cdn.dummyjson.com/product-images/sports-accessories/basketball-rim/1.webp,sports-accessories,The Basketball Rim is a sturdy hoop and net assembly mounted on a basketball backboard. It provides a target for shooting and scoring in the game of basketball.,4.6,"[""Fast shipping!"", ""Highly recommended!"", ""Would not buy again!""]",True,43
Cricket Ball,12.99,https://cdn.dummyjson.com/product-images/sports-accessories/cricket-ball/1.webp,sports-accessories,"The Cricket Ball is a hard leather ball used in the sport of cricket. It is bowled and batted in the game, and its hardness and seam contribute to the dynamics of cricket play.",3.53,"[""Poor quality!"", ""Poor quality!"", ""Waste of money!""]",True,30
Cricket Bat,29.99,https://cdn.dummyjson.com/product-images/sports-accessories/cricket-bat/1.webp,sports-accessories,The Cricket Bat is an essential piece of cricket equipment used by batsmen to hit the cricket ball. It is made of wood and comes in various sizes and designs.,3.17,"[""Very satisfied!"", ""Would buy again!"", ""Poor quality!""]",True,98
Cricket Helmet,44.99,https://cdn.dummyjson.com/product-images/sports-accessories/cricket-helmet/1.webp,sports-accessories,"The Cricket Helmet is a protective headgear worn by cricket players, especially batsmen and wicketkeepers. It provides protection against fast bowling and bouncers.",4.69,"[""Great value for money!"", ""Excellent quality!"", ""Very pleased!""]",True,10
Cricket Wicket,29.99,https://cdn.dummyjson.com/product-images/sports-accessories/cricket-wicket/1.webp,sports-accessories,"The Cricket Wicket is a set of three stumps and two bails, forming a wicket used in the sport of cricket. Batsmen aim to protect the wicket while scoring runs.",4.73,"[""Very dissatisfied!"", ""Fast shipping!"", ""Awesome product!""]",True,25
Feather Shuttlecock,5.99,https://cdn.dummyjson.com/product-images/sports-accessories/feather-shuttlecock/1.webp,sports-accessories,"The Feather Shuttlecock is used in the sport of badminton. It features natural feathers and is designed for high-speed play, providing stability and accuracy during matches.",2.85,"[""Awesome product!"", ""Very happy with my purchase!"", ""Very pleased!""]",True,95
Football,17.99,https://cdn.dummyjson.com/product-images/sports-accessories/football/1.webp,sports-accessories,"The Football, also known as a soccer ball, is the standard ball used in the sport of football (soccer). It is designed for kicking and passing in the game.",3.28,"[""Very happy with my purchase!"", ""Would not recommend!"", ""Very happy with my purchase!""]",True,96
Golf Ball,9.99,https://cdn.dummyjson.com/product-images/sports-accessories/golf-ball/1.webp,sports-accessories,"The Golf Ball is a small ball used in the sport of golf. It features dimples on its surface, providing aerodynamic lift and distance when struck by a golf club.",4.3,"[""Not worth the price!"", ""Waste of money!"", ""Very satisfied!""]",True,84
Iron Golf,49.99,https://cdn.dummyjson.com/product-images/sports-accessories/iron-golf/1.webp,sports-accessories,"The Iron Golf is a type of golf club designed for various golf shots. It features a solid metal head and is used for approach shots, chipping, and other golfing techniques.",4.41,"[""Awesome product!"", ""Would not buy again!"", ""Awesome product!""]",True,90
Metal Baseball Bat,29.99,https://cdn.dummyjson.com/product-images/sports-accessories/metal-baseball-bat/1.webp,sports-accessories,The Metal Baseball Bat is a durable and lightweight baseball bat made from metal alloys. It is commonly used in baseball games for hitting and batting practice.,4.66,"[""Very happy with my purchase!"", ""Great value for money!"", ""Would buy again!""]",True,16
Tennis Ball,6.99,https://cdn.dummyjson.com/product-images/sports-accessories/tennis-ball/1.webp,sports-accessories,The Tennis Ball is a standard ball used in the sport of tennis. It is designed for bouncing and hitting with tennis rackets during matches or practice sessions.,4.06,"[""Would buy again!"", ""Great value for money!"", ""Very happy with my purchase!""]",True,28
Tennis Racket,49.99,https://cdn.dummyjson.com/product-images/sports-accessories/tennis-racket/1.webp,sports-accessories,"The Tennis Racket is an essential piece of equipment used in the sport of tennis. It features a frame with strings and a grip, allowing players to hit the tennis ball.",4.03,"[""Poor quality!"", ""Highly impressed!"", ""Highly recommended!""]",True,6
Volleyball,11.99,https://cdn.dummyjson.com/product-images/sports-accessories/volleyball/1.webp,sports-accessories,"The Volleyball is a standard ball used in the sport of volleyball. It is designed for passing, setting, and spiking over the net during volleyball matches.",3.84,"[""Great product!"", ""Would not recommend!"", ""Highly recommended!""]",False,0
Black Sun Glasses,29.99,https://cdn.dummyjson.com/product-images/sunglasses/black-sun-glasses/1.webp,sunglasses,"The Black Sun Glasses are a classic and stylish choice, featuring a sleek black frame and tinted lenses. They provide both UV protection and a fashionable look.",4.41,"[""Would not recommend!"", ""Disappointing product!"", ""Very happy with my purchase!""]",True,60
Classic Sun Glasses,24.99,https://cdn.dummyjson.com/product-images/sunglasses/classic-sun-glasses/1.webp,sunglasses,The Classic Sun Glasses offer a timeless design with a neutral frame and UV-protected lenses. These sunglasses are versatile and suitable for various occasions.,3.86,"[""Very satisfied!"", ""Very dissatisfied!"", ""Very happy with my purchase!""]",True,1
Green and Black Glasses,34.99,https://cdn.dummyjson.com/product-images/sunglasses/green-and-black-glasses/1.webp,sunglasses,"The Green and Black Glasses feature a bold combination of green and black colors, adding a touch of vibrancy to your eyewear collection. They are both stylish and eye-catching.",4.55,"[""Waste of money!"", ""Disappointing product!"", ""Highly impressed!""]",True,24
Party Glasses,19.99,https://cdn.dummyjson.com/product-images/sunglasses/party-glasses/1.webp,sunglasses,"The Party Glasses are designed to add flair to your party outfit. With unique shapes or colorful frames, they're perfect for adding a playful touch to your look during celebrations.",2.79,"[""Very pleased!"", ""Excellent quality!"", ""Great product!""]",True,86
Sunglasses,22.99,https://cdn.dummyjson.com/product-images/sunglasses/sunglasses/1.webp,sunglasses,The Sunglasses offer a classic and simple design with a focus on functionality. These sunglasses provide essential UV protection while maintaining a timeless look.,3.02,"[""Would buy again!"", ""Not worth the price!"", ""Fast shipping!""]",True,27
iPad Mini 2021 Starlight,499.99,https://cdn.dummyjson.com/product-images/tablets/ipad-mini-2021-starlight/1.webp,tablets,"The iPad Mini 2021 in Starlight is a compact and powerful tablet from Apple. Featuring a stunning Retina display, powerful A-series chip, and a sleek design, it offers a premium tablet experience.",3.18,"[""Highly impressed!"", ""Very happy with my purchase!"", ""Would buy again!""]",True,47
Samsung Galaxy Tab S8 Plus Grey,599.99,https://cdn.dummyjson.com/product-images/tablets/samsung-galaxy-tab-s8-plus-grey/1.webp,tablets,"The Samsung Galaxy Tab S8 Plus in Grey is a high-performance Android tablet by Samsung. With a large AMOLED display, powerful processor, and S Pen support, it's ideal for productivity and entertainment.",4.68,"[""Highly impressed!"", ""Disappointing product!"", ""Very disappointed!""]",True,62
Samsung Galaxy Tab White,349.99,https://cdn.dummyjson.com/product-images/tablets/samsung-galaxy-tab-white/1.webp,tablets,"The Samsung Galaxy Tab in White is a sleek and versatile Android tablet. With a vibrant display, long-lasting battery, and a range of features, it offers a great user experience for various tasks.",3.72,"[""Waste of money!"", ""Poor quality!"", ""Very satisfied!""]",True,92
Blue Frock,29.99,https://cdn.dummyjson.com/product-images/tops/blue-frock/1.webp,tops,"The Blue Frock is a charming and stylish dress for various occasions. With a vibrant blue color and a comfortable design, it adds a touch of elegance to your wardrobe.",4.17,"[""Great product!"", ""Fast shipping!"", ""Would buy again!""]",True,52
Girl Summer Dress,19.99,https://cdn.dummyjson.com/product-images/tops/girl-summer-dress/1.webp,tops,"The Girl Summer Dress is a cute and breezy dress designed for warm weather. With playful patterns and lightweight fabric, it's perfect for keeping cool and stylish during the summer.",4.77,"[""Excellent quality!"", ""Great product!"", ""Very satisfied!""]",True,43
Gray Dress,34.99,https://cdn.dummyjson.com/product-images/tops/gray-dress/1.webp,tops,"The Gray Dress is a versatile and chic option for various occasions. With a neutral gray color, it can be dressed up or down, making it a wardrobe staple for any fashion-forward individual.",2.72,"[""Highly impressed!"", ""Awesome product!"", ""Highly recommended!""]",True,55
Short Frock,24.99,https://cdn.dummyjson.com/product-images/tops/short-frock/1.webp,tops,"The Short Frock is a playful and trendy dress with a shorter length. Ideal for casual outings or special occasions, it combines style and comfort for a fashionable look.",3.23,"[""Disappointing product!"", ""Awesome product!"", ""Fast shipping!""]",True,22
Tartan Dress,39.99,https://cdn.dummyjson.com/product-images/tops/tartan-dress/1.webp,tops,"The Tartan Dress features a classic tartan pattern, bringing a timeless and sophisticated touch to your wardrobe. Perfect for fall and winter, it adds a hint of traditional charm.",4.05,"[""Highly recommended!"", ""Not as described!"", ""Excellent quality!""]",True,73
300 Touring,28999.99,https://cdn.dummyjson.com/product-images/vehicle/300-touring/1.webp,vehicle,"The 300 Touring is a stylish and comfortable sedan, known for its luxurious features and smooth performance.",4.05,"[""Very pleased!"", ""Great product!"", ""Not as described!""]",True,54
Charger SXT RWD,32999.99,https://cdn.dummyjson.com/product-images/vehicle/charger-sxt-rwd/1.webp,vehicle,"The Charger SXT RWD is a powerful and sporty rear-wheel-drive sedan, offering a blend of performance and practicality.",2.58,"[""Not worth the price!"", ""Would buy again!"", ""Fast shipping!""]",True,57
Dodge Hornet GT Plus,24999.99,https://cdn.dummyjson.com/product-images/vehicle/dodge-hornet-gt-plus/1.webp,vehicle,"The Dodge Hornet GT Plus is a compact and agile hatchback, perfect for urban driving with a touch of sportiness.",2.65,"[""Awesome product!"", ""Not as described!"", ""Very satisfied!""]",True,82
Durango SXT RWD,36999.99,https://cdn.dummyjson.com/product-images/vehicle/durango-sxt-rwd/1.webp,vehicle,"The Durango SXT RWD is a spacious and versatile SUV, known for its strong performance and family-friendly features.",4.07,"[""Very pleased!"", ""Great value for money!"", ""Very disappointed!""]",True,95
Pacifica Touring,31999.99,https://cdn.dummyjson.com/product-images/vehicle/pacifica-touring/1.webp,vehicle,"The Pacifica Touring is a stylish and well-equipped minivan, offering comfort and convenience for family journeys.",3.62,"[""Fast shipping!"", ""Awesome product!"", ""Fast shipping!""]",True,53
Blue Women's Handbag,49.99,https://cdn.dummyjson.com/product-images/womens-bags/blue-women's-handbag/1.webp,womens-bags,"The Blue Women's Handbag is a stylish and spacious accessory for everyday use. With a vibrant blue color and multiple compartments, it combines fashion and functionality.",2.92,"[""Waste of money!"", ""Not worth the price!"", ""Highly impressed!""]",True,76
Heshe Women's Leather Bag,129.99,https://cdn.dummyjson.com/product-images/womens-bags/heshe-women's-leather-bag/1.webp,womens-bags,"The Heshe Women's Leather Bag is a luxurious and high-quality leather bag for the sophisticated woman. With a timeless design and durable craftsmanship, it's a versatile accessory.",4.92,"[""Excellent quality!"", ""Awesome product!"", ""Awesome product!""]",True,99
Prada Women Bag,599.99,https://cdn.dummyjson.com/product-images/womens-bags/prada-women-bag/1.webp,womens-bags,"The Prada Women Bag is an iconic designer bag that exudes elegance and luxury. Crafted with precision and featuring the Prada logo, it's a statement piece for fashion enthusiasts.",2.71,"[""Would not buy again!"", ""Great value for money!"", ""Highly recommended!""]",True,75
White Faux Leather Backpack,39.99,https://cdn.dummyjson.com/product-images/womens-bags/white-faux-leather-backpack/1.webp,womens-bags,"The White Faux Leather Backpack is a trendy and practical backpack for the modern woman. With a sleek white design and ample storage space, it's perfect for both casual and on-the-go styles.",3.36,"[""Awesome product!"", ""Not as described!"", ""Great value for money!""]",True,39
Women Handbag Black,59.99,https://cdn.dummyjson.com/product-images/womens-bags/women-handbag-black/1.webp,womens-bags,"The Women Handbag in Black is a classic and versatile accessory that complements various outfits. With a timeless black color and functional design, it's a must-have in every woman's wardrobe.",2.89,"[""Very pleased!"", ""Great product!"", ""Waste of money!""]",True,11
Black Women's Gown,129.99,https://cdn.dummyjson.com/product-images/womens-dresses/black-women's-gown/1.webp,womens-dresses,"The Black Women's Gown is an elegant and timeless evening gown. With a sleek black design, it's perfect for formal events and special occasions, exuding sophistication and style.",3.64,"[""Great value for money!"", ""Very dissatisfied!"", ""Very satisfied!""]",True,25
Corset Leather With Skirt,89.99,https://cdn.dummyjson.com/product-images/womens-dresses/corset-leather-with-skirt/1.webp,womens-dresses,"The Corset Leather With Skirt is a bold and edgy ensemble that combines a stylish corset with a matching skirt. Ideal for fashion-forward individuals, it makes a statement at any event.",3.05,"[""Very happy with my purchase!"", ""Highly recommended!"", ""Highly recommended!""]",True,30
Corset With Black Skirt,79.99,https://cdn.dummyjson.com/product-images/womens-dresses/corset-with-black-skirt/1.webp,womens-dresses,The Corset With Black Skirt is a chic and versatile outfit that pairs a fashionable corset with a classic black skirt. It offers a trendy and coordinated look for various occasions.,4.52,"[""Very satisfied!"", ""Disappointing product!"", ""Very happy with my purchase!""]",True,33
Dress Pea,49.99,https://cdn.dummyjson.com/product-images/womens-dresses/dress-pea/1.webp,womens-dresses,"The Dress Pea is a stylish and comfortable dress with a pea pattern. Perfect for casual outings, it adds a playful and fun element to your wardrobe, making it a great choice for day-to-day wear.",4.88,"[""Fast shipping!"", ""Not worth the price!"", ""Would not buy again!""]",True,6
Marni Red & Black Suit,179.99,https://cdn.dummyjson.com/product-images/womens-dresses/marni-red-&-black-suit/1.webp,womens-dresses,"The Marni Red & Black Suit is a sophisticated and fashion-forward suit ensemble. With a combination of red and black tones, it showcases a modern design for a bold and confident look.",4.48,"[""Fast shipping!"", ""Very disappointed!"", ""Highly impressed!""]",True,62
Green Crystal Earring,29.99,https://cdn.dummyjson.com/product-images/womens-jewellery/green-crystal-earring/1.webp,womens-jewellery,"The Green Crystal Earring is a dazzling accessory that features a vibrant green crystal. With a classic design, it adds a touch of elegance to your ensemble, perfect for formal or special occasions.",3.96,"[""Would buy again!"", ""Great value for money!"", ""Excellent quality!""]",True,54
Green Oval Earring,24.99,https://cdn.dummyjson.com/product-images/womens-jewellery/green-oval-earring/1.webp,womens-jewellery,"The Green Oval Earring is a stylish and versatile accessory with a unique oval shape. Whether for casual or dressy occasions, its green hue and contemporary design make it a standout piece.",3.57,"[""Would not buy again!"", ""Very satisfied!"", ""Would buy again!""]",True,73
Tropical Earring,19.99,https://cdn.dummyjson.com/product-images/womens-jewellery/tropical-earring/1.webp,womens-jewellery,"The Tropical Earring is a fun and playful accessory inspired by tropical elements. Featuring vibrant colors and a lively design, it's perfect for adding a touch of summer to your look.",4.4,"[""Great product!"", ""Awesome product!"", ""Very unhappy with my purchase!""]",True,1
Black & Brown Slipper,19.99,https://cdn.dummyjson.com/product-images/womens-shoes/black-&-brown-slipper/1.webp,womens-shoes,"The Black & Brown Slipper is a comfortable and stylish choice for casual wear. Featuring a blend of black and brown colors, it adds a touch of sophistication to your relaxation.",2.53,"[""Highly impressed!"", ""Not worth the price!"", ""Very happy with my purchase!""]",True,3
Calvin Klein Heel Shoes,79.99,https://cdn.dummyjson.com/product-images/womens-shoes/calvin-klein-heel-shoes/1.webp,womens-shoes,"Calvin Klein Heel Shoes are elegant and sophisticated, designed for formal occasions. With a classic design and high-quality materials, they complement your stylish ensemble.",4.92,"[""Great value for money!"", ""Great value for money!"", ""Not as described!""]",True,93
Golden Shoes Woman,49.99,https://cdn.dummyjson.com/product-images/womens-shoes/golden-shoes-woman/1.webp,womens-shoes,"The Golden Shoes for Women are a glamorous choice for special occasions. Featuring a golden hue and stylish design, they add a touch of luxury to your outfit.",3.26,"[""Excellent quality!"", ""Very pleased!"", ""Very pleased!""]",True,88
Pampi Shoes,29.99,https://cdn.dummyjson.com/product-images/womens-shoes/pampi-shoes/1.webp,womens-shoes,"Pampi Shoes offer a blend of comfort and style for everyday use. With a versatile design, they are suitable for various casual occasions, providing a trendy and relaxed look.",3.05,"[""Highly recommended!"", ""Would buy again!"", ""Awesome product!""]",True,49
Red Shoes,34.99,https://cdn.dummyjson.com/product-images/womens-shoes/red-shoes/1.webp,womens-shoes,"The Red Shoes make a bold statement with their vibrant red color. Whether for a party or a casual outing, these shoes add a pop of color and style to your wardrobe.",3.25,"[""Fast shipping!"", ""Awesome product!"", ""Highly impressed!""]",True,7
IWC Ingenieur Automatic Steel,4999.99,https://cdn.dummyjson.com/product-images/womens-watches/iwc-ingenieur-automatic-steel/1.webp,womens-watches,"The IWC Ingenieur Automatic Steel watch is a durable and sophisticated timepiece. With a stainless steel case and automatic movement, it combines precision and style for watch enthusiasts.",2.93,"[""Disappointing product!"", ""Great value for money!"", ""Would not buy again!""]",True,90
Rolex Cellini Moonphase,15999.99,https://cdn.dummyjson.com/product-images/womens-watches/rolex-cellini-moonphase/1.webp,womens-watches,"The Rolex Cellini Moonphase watch is a masterpiece of horology. Featuring a moon phase complication, it showcases the craftsmanship and elegance that Rolex is renowned for.",3.83,"[""Very happy with my purchase!"", ""Fast shipping!"", ""Disappointing product!""]",True,52
Rolex Datejust Women,10999.99,https://cdn.dummyjson.com/product-images/womens-watches/rolex-datejust-women/1.webp,womens-watches,"The Rolex Datejust Women's watch is an iconic timepiece designed for women. With a timeless design and a date complication, it offers both elegance and functionality.",2.86,"[""Not as described!"", ""Highly impressed!"", ""Very satisfied!""]",True,4
Watch Gold for Women,799.99,https://cdn.dummyjson.com/product-images/womens-watches/watch-gold-for-women/1.webp,womens-watches,"The Gold Women's Watch is a stunning accessory that combines luxury and style. Featuring a gold-plated case and a chic design, it adds a touch of glamour to any outfit.",4.24,"[""Highly impressed!"", ""Would buy again!"", ""Great product!""]",False,0
Women's Wrist Watch,129.99,https://cdn.dummyjson.com/product-images/womens-watches/women's-wrist-watch/1.webp,womens-watches,"The Women's Wrist Watch is a versatile and fashionable timepiece for everyday wear. With a comfortable strap and a simple yet elegant design, it complements various styles.",3.52,"[""Very happy with my purchase!"", ""Highly recommended!"", ""Fast shipping!""]",True,12
